"IndividualId","Time [min]","Organism|PeripheralVenousBlood|Aciclovir|Plasma (Peripheral Venous Blood) [µmol/l]","Organism|VenousBlood|Plasma|Aciclovir|Plasma Unbound [µmol/l]"
0,0,0,0
0,1,3.254684,32.58899
0,2,9.100411,38.900707
0,3,15.016573,43.858727
0,4,20.72622,48.501766
0,5,26.201178,52.842785
0,6,31.425564,56.84658
0,7,36.383644,60.521988
0,8,41.067097,63.899117
0,9,45.47623,67.013626
0,10,49.618774,69.89855
0,11,50.25272,39.993736
0,12,48.05726,36.19046
0,13,45.570286,33.586357
0,14,43.086353,31.161098
0,15,40.650894,28.918213
0,18,33.949303,23.564976
0,21,28.538374,19.90817
0,24,24.433844,17.373049
0,27,21.405106,15.582487
0,30,19.192278,14.295095
0,33,17.574577,13.351525
0,36,16.382204,12.644731
0,39,15.490475,12.101861
0,42,14.810105,11.673288
0,45,14.278103,11.32481
0,48,13.850282,11.032839
0,51,13.495871,10.781163
0,54,13.193491,10.55851
0,57,12.928262,10.35702
0,60,12.689813,10.171221
0,63,12.470947,9.997283
0,66,12.266645,9.832506
0,69,12.073353,9.674957
0,72,11.888547,9.523247
0,75,11.710465,9.3763895
0,78,11.537886,9.233684
0,81,11.369945,9.094616
0,84,11.206005,8.958798
0,87,11.045606,8.825934
0,90,10.888334,8.695762
0,93,10.733949,8.568108
0,96,10.582216,8.442812
0,99,10.433008,8.319768
0,102,10.286219,8.198887
0,105,10.1417675,8.080091
0,108,9.999571,7.9633083
0,111,9.859557,7.848471
0,114,9.721652,7.7355137
0,117,9.585802,7.6243834
0,120,9.45196,7.5150323
0,123,9.320086,7.4074173
0,126,9.1901455,7.3015
0,129,9.062101,7.19724
0,132,8.93592,7.0946016
0,135,8.811568,6.993551
0,138,8.689004,6.8940473
0,141,8.568211,6.7960677
0,144,8.4491415,6.6995726
0,147,8.331775,6.6045356
0,150,8.2160845,6.510929
0,153,8.102038,6.4187236
0,156,7.989618,6.327897
0,159,7.8787985,6.2384243
0,162,7.7695556,6.150281
0,165,7.661866,6.0634446
0,168,7.5557084,5.9778924
0,171,7.4510574,5.8936014
0,174,7.34789,5.8105497
0,177,7.246187,5.7287188
0,180,7.145925,5.648086
0,183,7.047077,5.5686293
0,186,6.949623,5.4903293
0,189,6.853552,5.4131722
0,192,6.758834,5.3371353
0,195,6.6654468,5.2621975
0,198,6.573374,5.188344
0,201,6.482601,5.11556
0,204,6.393105,5.043826
0,207,6.3048663,4.9731255
0,210,6.2178693,4.903443
0,213,6.132097,4.834763
0,216,6.0475307,4.767071
0,219,5.964155,4.700351
0,222,5.881952,4.634589
0,225,5.800904,4.56977
0,228,5.720996,4.5058794
0,231,5.642211,4.442904
0,234,5.5645328,4.3808293
0,237,5.487945,4.3196416
0,240,5.412432,4.2593274
0,243,5.3379774,4.199874
0,246,5.264568,4.1412683
0,249,5.192187,4.083498
0,252,5.12082,4.02655
0,255,5.0504527,3.970412
0,258,4.9810715,3.915073
0,261,4.9126616,3.8605206
0,264,4.8452106,3.806744
0,267,4.778703,3.7537313
0,270,4.713127,3.7014713
0,273,4.6484694,3.6499534
0,276,4.584717,3.5991664
0,279,4.521856,3.5491
0,282,4.459874,3.4997435
0,285,4.39876,3.4510863
0,288,4.338499,3.4031186
0,291,4.2790813,3.3558302
0,294,4.220494,3.3092113
0,297,4.1627245,3.2632518
0,300,4.105762,3.2179427
0,303,4.049595,3.1732745
0,306,3.9942124,3.129238
0,309,3.9396029,3.0858235
0,312,3.8857553,3.0430229
0,315,3.832659,3.0008266
0,318,3.7803037,2.9592264
0,321,3.7286787,2.9182136
0,324,3.6777737,2.8777797
0,327,3.6275785,2.8379166
0,330,3.5780826,2.7986157
0,333,3.5292766,2.7598689
0,336,3.4811506,2.7216687
0,339,3.4336953,2.6840072
0,342,3.386901,2.6468763
0,345,3.340758,2.6102686
0,348,3.2952573,2.5741765
0,351,3.2503898,2.5385928
0,354,3.2061467,2.5035102
0,357,3.1625192,2.4689214
0,360,3.1194987,2.4348195
0,363,3.0770762,2.4011972
0,366,3.0352435,2.3680482
0,369,2.993992,2.335365
0,372,2.9533143,2.3031418
0,375,2.9132013,2.2713716
0,378,2.8736458,2.240048
0,381,2.8346395,2.2091644
0,384,2.796175,2.1787148
0,387,2.7582443,2.1486928
0,390,2.72084,2.1190927
0,393,2.6839547,2.0899084
0,396,2.647581,2.0611334
0,399,2.611712,2.0327625
0,402,2.5763402,2.0047896
0,405,2.5414588,1.9772093
0,408,2.507061,1.950016
0,411,2.4731398,1.9232041
0,414,2.4396884,1.8967681
0,417,2.4067006,1.8707027
0,420,2.3741693,1.8450028
0,423,2.3420885,1.8196628
0,426,2.3104515,1.7946779
0,429,2.279252,1.7700427
0,432,2.2484841,1.7457525
0,435,2.2181418,1.7218022
0,438,2.1882193,1.6981878
0,441,2.1587105,1.674904
0,444,2.1296096,1.651946
0,447,2.1009107,1.6293092
0,450,2.0726082,1.6069889
0,453,2.0446963,1.5849806
0,456,2.01717,1.56328
0,459,1.9900231,1.5418824
0,462,1.9632508,1.5207837
0,465,1.9368474,1.4999794
0,468,1.9108089,1.4794663
0,471,1.8851296,1.45924
0,474,1.8598042,1.439296
0,477,1.8348277,1.4196304
0,480,1.8101953,1.4002393
0,483,1.7859021,1.3811187
0,486,1.7619433,1.3622645
0,489,1.7383143,1.3436732
0,492,1.7150103,1.325341
0,495,1.6920266,1.307264
0,498,1.6693591,1.2894391
0,501,1.6470038,1.2718629
0,504,1.6249558,1.2545315
0,507,1.6032107,1.2374415
0,510,1.5817643,1.2205894
0,513,1.5606126,1.2039719
0,516,1.5397512,1.1875856
0,519,1.5191761,1.1714272
0,522,1.4988834,1.1554935
0,525,1.4788688,1.1397814
0,528,1.4591287,1.1242875
0,531,1.4396597,1.1090094
0,534,1.4204576,1.0939435
0,537,1.4015186,1.079087
0,540,1.3828391,1.0644369
0,543,1.3644154,1.0499903
0,546,1.346244,1.0357442
0,549,1.3283212,1.021696
0,552,1.3106438,1.0078425
0,555,1.2932081,0.99418145
0,558,1.2760109,0.9807098
0,561,1.2590489,0.96742505
0,564,1.2423189,0.95432454
0,567,1.2258176,0.9414057
0,570,1.2095416,0.92866594
0,573,1.193488,0.9161027
0,576,1.1776536,0.90371346
0,579,1.1620352,0.8914958
0,582,1.14663,0.8794474
0,585,1.1314349,0.8675657
0,588,1.1164471,0.8558484
0,591,1.1016635,0.84429324
0,594,1.0870816,0.8328981
0,597,1.0726985,0.82166046
0,600,1.0585111,0.8105783
0,603,1.0445172,0.7996493
0,606,1.0307136,0.78887135
0,609,1.017098,0.7782423
0,612,1.0036675,0.76776
0,615,0.9904196,0.75742245
0,618,0.97735184,0.7472275
0,621,0.9644616,0.7371732
0,624,0.9517467,0.7272578
0,627,0.93920463,0.7174792
0,630,0.92683285,0.7078355
0,633,0.914629,0.6983248
0,636,0.9025908,0.6889451
0,639,0.8907159,0.67969465
0,642,0.87900203,0.6705716
0,645,0.86744696,0.66157424
0,648,0.8560484,0.65270066
0,651,0.8448043,0.6439492
0,654,0.83371246,0.63531816
0,657,0.82277095,0.626806
0,660,0.81197757,0.6184109
0,663,0.80133027,0.6101312
0,666,0.790827,0.60196537
0,669,0.7804657,0.5939117
0,672,0.7702445,0.58596873
0,675,0.7601614,0.57813483
0,678,0.75021446,0.57040846
0,681,0.74040186,0.5627881
0,684,0.73072165,0.55527234
0,687,0.7211723,0.5478597
0,690,0.7117517,0.54054886
0,693,0.70245814,0.5333382
0,696,0.69328994,0.5262264
0,699,0.6842453,0.51921207
0,702,0.67532253,0.5122939
0,705,0.6665199,0.5054704
0,708,0.6578358,0.49874032
0,711,0.6492685,0.49210238
0,714,0.6408165,0.48555526
0,717,0.63247824,0.47909775
0,720,0.62425214,0.4727286
0,723,0.61613655,0.46644658
0,726,0.6081301,0.4602504
0,729,0.6002311,0.4541389
0,732,0.5924382,0.4481109
0,735,0.58474994,0.44216526
0,738,0.57716477,0.43630072
0,741,0.56968135,0.43051627
0,744,0.56229824,0.4248107
0,747,0.5550141,0.41918296
0,750,0.5478276,0.41363204
0,753,0.5407374,0.4081568
0,756,0.5337421,0.4027562
0,759,0.52684045,0.3974292
0,762,0.52003115,0.39217475
0,765,0.5133129,0.38699183
0,768,0.5066845,0.38187945
0,771,0.5001446,0.37683663
0,774,0.4936921,0.3718624
0,777,0.48732573,0.3669558
0,780,0.4810444,0.36211595
0,783,0.47484696,0.3573419
0,786,0.46873218,0.35263273
0,789,0.46269897,0.34798753
0,792,0.45674616,0.3434054
0,795,0.4508727,0.33888546
0,798,0.44507745,0.33442685
0,801,0.43935934,0.3300287
0,804,0.43371734,0.32569024
0,807,0.4281504,0.32141054
0,810,0.4226575,0.31718883
0,813,0.41723767,0.31302437
0,816,0.41188988,0.30891633
0,819,0.40661314,0.30486393
0,822,0.4014065,0.30086634
0,825,0.39626896,0.29692286
0,828,0.3911996,0.29303274
0,831,0.38619748,0.28919518
0,834,0.38126165,0.2854095
0,837,0.37639123,0.28167498
0,840,0.37158534,0.27799088
0,843,0.36684316,0.27435657
0,846,0.36216375,0.27077135
0,849,0.3575463,0.2672345
0,852,0.3529899,0.26374537
0,855,0.34849378,0.26030332
0,858,0.34405705,0.25690764
0,861,0.33967897,0.25355774
0,864,0.3353587,0.25025296
0,867,0.33109546,0.24699268
0,870,0.32688847,0.24377628
0,873,0.32273698,0.24060318
0,876,0.3186403,0.2374728
0,879,0.31459758,0.23438452
0,882,0.31060815,0.23133779
0,885,0.30667126,0.22833198
0,888,0.30278623,0.22536658
0,891,0.29895228,0.22244099
0,894,0.2951688,0.21955468
0,897,0.29143503,0.2167071
0,900,0.28775033,0.2138977
0,903,0.28411403,0.21112598
0,906,0.28052554,0.20839147
0,909,0.27698416,0.2056936
0,912,0.27348924,0.2030319
0,915,0.27004018,0.20040582
0,918,0.26663634,0.19781491
0,921,0.26327708,0.19525868
0,924,0.25996187,0.19273664
0,927,0.25669003,0.19024833
0,930,0.25346103,0.18779327
0,933,0.25027424,0.185371
0,936,0.24712917,0.18298112
0,939,0.24402523,0.18062316
0,942,0.24096185,0.17829669
0,945,0.23793848,0.17600125
0,948,0.23495458,0.17373644
0,951,0.23200963,0.17150183
0,954,0.22910309,0.16929701
0,957,0.22623445,0.16712156
0,960,0.22340319,0.16497508
0,963,0.2206088,0.16285716
0,966,0.21785079,0.16076744
0,969,0.21512873,0.15870553
0,972,0.21244209,0.15667106
0,975,0.20979036,0.15466364
0,978,0.20717314,0.15268289
0,981,0.2045899,0.15072846
0,984,0.20204023,0.14879997
0,987,0.19952364,0.14689709
0,990,0.19703972,0.14501944
0,993,0.194588,0.1431667
0,996,0.19216807,0.14133853
0,999,0.1897795,0.1395346
0,1002,0.1874219,0.13775456
0,1005,0.18509483,0.1359981
0,1008,0.18279786,0.1342649
0,1011,0.18053062,0.13255464
0,1014,0.17829269,0.130867
0,1017,0.17608368,0.12920167
0,1020,0.17390321,0.12755835
0,1023,0.17175089,0.12593673
0,1026,0.16962634,0.12433653
0,1029,0.16752921,0.12275746
0,1032,0.16545914,0.121199235
0,1035,0.16341576,0.11966157
0,1038,0.1613987,0.11814418
0,1041,0.15940762,0.11664679
0,1044,0.15744215,0.11516912
0,1047,0.15550198,0.11371092
0,1050,0.15358676,0.11227191
0,1053,0.15169616,0.11085183
0,1056,0.14982983,0.10945043
0,1059,0.14798747,0.108067445
0,1062,0.14616878,0.10670266
0,1065,0.14437343,0.10535581
0,1068,0.1426011,0.10402664
0,1071,0.1408515,0.10271492
0,1074,0.1391243,0.10142041
0,1077,0.13741922,0.100142874
0,1080,0.13573597,0.098882094
0,1083,0.13407426,0.097637825
0,1086,0.13243379,0.09640986
0,1089,0.13081428,0.09519796
0,1092,0.12921546,0.09400193
0,1095,0.12763709,0.09282156
0,1098,0.12607886,0.09165662
0,1101,0.1245405,0.09050691
0,1104,0.12302177,0.089372225
0,1107,0.12152238,0.08825236
0,1110,0.1200421,0.08714711
0,1113,0.11858067,0.086056285
0,1116,0.117137834,0.08497968
0,1119,0.11571335,0.08391712
0,1122,0.11430697,0.08286839
0,1125,0.11291848,0.08183335
0,1128,0.111547634,0.080811776
0,1131,0.11019419,0.079803504
0,1134,0.10885792,0.078808345
0,1137,0.10753861,0.07782613
0,1140,0.10623602,0.07685668
0,1143,0.10494993,0.07589983
0,1146,0.10368013,0.0749554
0,1149,0.1024264,0.074023224
0,1152,0.10118853,0.073103145
0,1155,0.099966325,0.07219501
0,1158,0.09875958,0.071298644
0,1161,0.09756807,0.0704139
0,1164,0.09639162,0.06954061
0,1167,0.095230006,0.06867863
0,1170,0.094083056,0.06782781
0,1173,0.09295056,0.06698799
0,1176,0.09183235,0.066159025
0,1179,0.09072821,0.06534077
0,1182,0.08963797,0.064533085
0,1185,0.08856145,0.06373583
0,1188,0.087498486,0.06294887
0,1191,0.08644888,0.062172063
0,1194,0.085412465,0.061405275
0,1197,0.08438907,0.060648367
0,1200,0.083378516,0.059901208
0,1203,0.082380645,0.05916367
0,1206,0.08139528,0.058435626
0,1209,0.08042227,0.057716943
0,1212,0.07946144,0.057007503
0,1215,0.07851264,0.056307174
0,1218,0.07757573,0.055615854
0,1221,0.07665053,0.05493341
0,1224,0.0757369,0.054259725
0,1227,0.07483469,0.053594682
0,1230,0.07394375,0.05293817
0,1233,0.073063925,0.05229007
0,1236,0.072195075,0.05165027
0,1239,0.07133707,0.051018666
0,1242,0.07048974,0.050395142
0,1245,0.069652975,0.04977959
0,1248,0.06882662,0.049171913
0,1251,0.06801057,0.048572008
0,1254,0.067204654,0.047979765
0,1257,0.06640877,0.047395084
0,1260,0.06562276,0.046817865
0,1263,0.06484652,0.04624801
0,1266,0.06407992,0.04568542
0,1269,0.06332282,0.04513
0,1272,0.06257511,0.04458165
0,1275,0.06183666,0.044040285
0,1278,0.061107356,0.043505803
0,1281,0.06038709,0.042978127
0,1284,0.05967574,0.042457163
0,1287,0.05897318,0.041942816
0,1290,0.058279306,0.041435003
0,1293,0.057594005,0.040933635
0,1296,0.056917164,0.04043863
0,1299,0.05624868,0.0399499
0,1302,0.055588435,0.03946737
0,1305,0.054936327,0.038990945
0,1308,0.054292254,0.038520556
0,1311,0.053656116,0.03805612
0,1314,0.053027812,0.037597567
0,1317,0.052407235,0.03714481
0,1320,0.05179429,0.03669778
0,1323,0.051188875,0.03625639
0,1326,0.0505909,0.035820577
0,1329,0.05000026,0.03539026
0,1332,0.04941687,0.034965377
0,1335,0.04884063,0.034545846
0,1338,0.04827145,0.034131598
0,1341,0.04770924,0.03372257
0,1344,0.047153924,0.033318695
0,1347,0.0466054,0.0329199
0,1350,0.046063587,0.03252612
0,1353,0.045528393,0.032137293
0,1356,0.04499974,0.03175335
0,1359,0.04447754,0.031374227
0,1362,0.04396171,0.030999862
0,1365,0.043452177,0.030630192
0,1368,0.04294885,0.030265156
0,1371,0.042451654,0.029904693
0,1374,0.041960515,0.029548747
0,1377,0.04147536,0.029197259
0,1380,0.0409961,0.02885017
0,1383,0.040522672,0.02850742
0,1386,0.040054996,0.028168956
0,1389,0.039592996,0.027834719
0,1392,0.039136607,0.027504656
0,1395,0.03868575,0.027178712
0,1398,0.038240362,0.026856832
0,1401,0.037800368,0.026538964
0,1404,0.037365705,0.026225058
0,1407,0.036936305,0.025915066
0,1410,0.036512103,0.02560893
0,1413,0.03609303,0.025306605
0,1416,0.03567902,0.025008038
0,1419,0.03527001,0.024713183
0,1422,0.034865938,0.02442199
0,1425,0.034466743,0.024134412
0,1428,0.03407236,0.023850402
0,1431,0.033682726,0.023569914
0,1434,0.03329779,0.023292901
0,1437,0.03291749,0.023019325
0,1440,0.032541763,0.022749137
